Year,Date,,Schl,Rk.,,Opp,Rk.,,,PTS,OPP,MOV,,OT
2008-09,2008-11-30,,North Carolina,1,,UNC Asheville,,W,,116,48,68,,
2005-06,2005-11-22,,North Carolina,,,Cleveland State,,W,,112,55,57,,
2006-07,2006-11-19,,North Carolina,2,,Gardner-Webb,,W,,103,50,53,,
2006-07,2006-12-19,,North Carolina,2,,Florida Atlantic,,W,,105,52,53,,
2016-17,2017-01-08,,North Carolina,14,,NC State,,W,,107,56,51,,
2011-12,2011-12-19,,North Carolina,5,,Nicholls State,,W,,99,49,50,,
2018-19,2018-11-16,,North Carolina,7,,Tennessee Tech,,W,,108,58,50,,
2004-05,2004-12-12,,North Carolina,8,,Loyola (IL),,W,,109,60,49,,
2010-11,2011-01-02,,North Carolina,,,Saint Francis (PA),,W,,103,54,49,,
2011-12,2011-12-06,,North Carolina,4,,Evansville,,W,,97,48,49,,
2018-19,2018-11-09,,North Carolina,8,@,Elon,,W,,116,67,49,,
2009-10,2009-11-11,,North Carolina,6,,North Carolina Central,,W,,89,42,47,,
2007-08,2007-11-20,,North Carolina,1,,South Carolina State,,W,,110,64,46,,
2012-13,2012-11-19,,North Carolina,9,,Mississippi State,,W,,95,49,46,,
2005-06,2006-03-01,,North Carolina,13,,Virginia,,W,,99,54,45,,
2008-09,2008-11-24,,North Carolina,1,,Chaminade,,W,,115,70,45,,
2016-17,2016-12-04,,North Carolina,3,,Radford,,W,,95,50,45,,
2020-21,2021-02-20,,North Carolina,,,Louisville,,W,,99,54,45,,
2010-11,2010-11-18,,North Carolina,8,,Hofstra,,W,,107,63,44,,
2014-15,2014-11-16,,North Carolina,6,,Robert Morris,,W,,103,59,44,,
2014-15,2014-12-07,,North Carolina,12,,East Carolina,,W,,108,64,44,,
2004-05,2004-12-30,,North Carolina,4,,Cleveland State,,W,,107,64,43,,
2008-09,2009-03-19,,North Carolina,2,,Radford,,W,,101,58,43,,
2016-17,2016-11-21,,North Carolina,4,,Chaminade,,W,,104,61,43,,
2016-17,2016-12-21,,North Carolina,8,,Northern Iowa,,W,,85,42,43,,
2017-18,2017-12-06,,North Carolina,11,,Western Carolina,,W,,104,61,43,,
2005-06,2005-12-28,,North Carolina,23,,UNC Asheville,,W,,89,47,42,,
2012-13,2012-11-21,,North Carolina,9,@,Chaminade,,W,,112,70,42,,
2020-21,2021-03-10,,North Carolina,,,Notre Dame,,W,,101,59,42,,
2006-07,2007-01-31,,North Carolina,3,,Miami (FL),,W,,105,64,41,,
2016-17,2016-11-13,,North Carolina,6,,Chattanooga,,W,,97,57,40,,
2004-05,2005-01-02,,North Carolina,4,,William & Mary,,W,,105,66,39,,
2006-07,2006-12-28,,North Carolina,2,,Rutgers,,W,,87,48,39,,
2007-08,2008-02-16,,North Carolina,5,,Virginia Tech,,W,,92,53,39,,
2007-08,2008-03-21,,North Carolina,1,,Mount St. Mary's,,W,,113,74,39,,
2009-10,2009-12-12,,North Carolina,11,,Presbyterian,,W,,103,64,39,,
2016-17,2017-03-17,,North Carolina,6,,Texas Southern,,W,,103,64,39,,
2001-02,2001-12-27,,North Carolina,,,North Carolina A&T,,W,,104,66,38,,
2006-07,2007-01-03,,North Carolina,2,,Pennsylvania,,W,,102,64,38,,
2008-09,2009-01-07,,North Carolina,3,,College of Charleston,,W,,108,70,38,,
2011-12,2011-12-29,,North Carolina,5,,Elon,,W,,100,62,38,,
2018-19,2019-02-16,,North Carolina,8,@,Wake Forest,,W,,95,57,38,,
2006-07,2007-02-10,,North Carolina,5,,Wake Forest,,W,,104,67,37,,
2009-10,2009-12-22,,North Carolina,10,,Marshall,,W,,98,61,37,,
2011-12,2012-01-01,,North Carolina,5,,Monmouth,,W,,102,65,37,,
2002-03,2003-02-18,,North Carolina,,,North Carolina A&T,,W,,93,57,36,,
2004-05,2004-11-22,,North Carolina,11,,Brigham Young,,W,,86,50,36,,
2007-08,2007-12-27,,North Carolina,1,,Nevada,,W,,106,70,36,,
2007-08,2007-11-18,,North Carolina,1,,Iona,,W,,107,72,35,,
2007-08,2007-12-04,,North Carolina,1,@,Pennsylvania,,W,,106,71,35,,
2007-08,2007-12-22,,North Carolina,1,,UC Santa Barbara,,W,,105,70,35,,
2008-09,2008-12-03,,North Carolina,1,,Michigan State,13,W,,98,63,35,,
2001-02,2001-12-30,,North Carolina,,,Texas A&M,,W,,96,62,34,,
2003-04,2003-12-07,,North Carolina,10,,George Mason,,W,,115,81,34,,
2004-05,2004-12-19,,North Carolina,5,@,Virginia Tech,,W,,85,51,34,,
2004-05,2005-01-08,,North Carolina,3,,Maryland,22,W,,109,75,34,,
2004-05,2005-01-29,,North Carolina,3,@,Virginia,,W,,110,76,34,,
2012-13,2012-12-22,,North Carolina,23,,McNeese State,,W,,97,63,34,,
2003-04,2003-12-30,,North Carolina,9,,Coastal Carolina,,W,,105,72,33,,
2011-12,2011-11-22,,North Carolina,1,,Tennessee State,,W,,102,69,33,,
2013-14,2013-12-31,,North Carolina,19,,UNC Wilmington,,W,,84,51,33,,
2013-14,2014-02-22,,North Carolina,,,Wake Forest,,W,,105,72,33,,
2015-16,2015-12-06,,North Carolina,9,,Davidson,,W,,98,65,33,,
2015-16,2015-12-28,,North Carolina,7,,UNC Greensboro,,W,,96,63,33,,
2004-05,2004-11-28,,North Carolina,11,,Southern California,,W,,97,65,32,,
2004-05,2005-02-19,,North Carolina,4,,Clemson,,W,,88,56,32,,
2007-08,2007-12-30,,North Carolina,1,,Valparaiso,,W,,90,58,32,,
2010-11,2011-02-01,,North Carolina,23,@,Boston College,,W,,106,74,32,,
2014-15,2015-03-03,,North Carolina,19,@,Georgia Tech,,W,,81,49,32,,
2016-17,2016-11-22,,North Carolina,4,,Oklahoma State,,W,,107,75,32,,
2021-22,2022-03-17,,North Carolina,,,Marquette,,W,,95,63,32,,
2000-01,2000-12-29,,North Carolina,14,,Massachusetts,,W,,91,60,31,,
2006-07,2006-12-16,,North Carolina,3,,UNC Asheville,,W,,93,62,31,,
2007-08,2008-01-12,,North Carolina,1,,NC State,,W,,93,62,31,,
2007-08,2008-03-23,,North Carolina,1,,Arkansas,,W,,108,77,31,,
2013-14,2013-12-07,,North Carolina,,,UNC Greensboro,,W,,81,50,31,,
2014-15,2014-12-27,,North Carolina,20,,UAB,,W,,89,58,31,,
2015-16,2016-03-11,,North Carolina,7,,Notre Dame,,W,,78,47,31,,
2017-18,2018-02-03,,North Carolina,19,,Pittsburgh,,W,,96,65,31,,
2000-01,2000-11-17,,North Carolina,7,@,Appalachian State,,W,,99,69,30,,
2000-01,2001-01-13,,North Carolina,9,,Marquette,,W,,84,54,30,,
2002-03,2002-11-18,,North Carolina,,,Penn State,,W,,85,55,30,,
2006-07,2006-12-31,,North Carolina,2,,Dayton,,W,,81,51,30,,
2008-09,2009-02-28,,North Carolina,4,,Georgia Tech,,W,,104,74,30,,
2017-18,2018-01-09,,North Carolina,20,,Boston College,,W,,96,66,30,,
2007-08,2008-01-02,,North Carolina,1,,Kent State,,W,,90,61,29,,
2008-09,2008-11-25,,North Carolina,1,,Oregon,,W,,98,69,29,,
2014-15,2015-02-21,,North Carolina,15,,Georgia Tech,,W,,89,60,29,,
2000-01,2001-02-22,,North Carolina,2,,Florida State,,W,,95,67,28,,
2004-05,2004-12-21,,North Carolina,4,,Vermont,,W,,93,65,28,,
2004-05,2005-03-18,,North Carolina,2,,Oakland,,W,,96,68,28,,
2006-07,2007-01-24,,North Carolina,4,@,Wake Forest,,W,,88,60,28,,
2006-07,2007-01-27,,North Carolina,4,@,Arizona,17,W,,92,64,28,,
2016-17,2016-12-28,,North Carolina,9,,Monmouth,,W,,102,74,28,,
2018-19,2018-12-05,,North Carolina,14,,UNC Wilmington,,W,,97,69,28,,
2000-01,2001-01-17,,North Carolina,6,,Clemson,,W,,92,65,27,,
2004-05,2005-03-20,,North Carolina,2,,Iowa State,,W,,92,65,27,,
2010-11,2010-12-08,,North Carolina,,@,Evansville,,W,,76,49,27,,
2015-16,2015-11-15,,North Carolina,1,,Fairfield,,W,,92,65,27,,
2015-16,2016-01-30,,North Carolina,2,,Boston College,,W,,89,62,27,,
2020-21,2020-11-30,,North Carolina,14,,Nevada-Las Vegas,,W,,78,51,27,,
2002-03,2002-12-19,,North Carolina,23,,Vermont,,W,,80,54,26,,
2003-04,2003-11-22,,North Carolina,9,,Old Dominion,,W,,90,64,26,,
2006-07,2007-01-07,,North Carolina,2,,Florida State,,W,,84,58,26,,
2011-12,2011-11-20,,North Carolina,1,,Mississippi Valley State,,W,,101,75,26,,
2016-17,2016-11-15,,North Carolina,5,,Long Beach State,,W,,93,67,26,,
2021-22,2022-01-02,,North Carolina,,@,Boston College,,W,,91,65,26,,
2003-04,2004-01-07,,North Carolina,12,,Miami (FL),,W,,89,64,25,,
2006-07,2006-12-09,,North Carolina,3,,High Point,,W,,94,69,25,,
2010-11,2010-12-21,,North Carolina,,,William & Mary,,W,,85,60,25,,
2011-12,2011-11-25,,North Carolina,1,,South Carolina,,W,,87,62,25,,
2012-13,2013-02-05,,North Carolina,,,Wake Forest,,W,,87,62,25,,
2015-16,2016-02-20,,North Carolina,5,,Miami (FL),11,W,,96,71,25,,
2016-17,2017-03-09,,North Carolina,6,,Miami (FL),,W,,78,53,25,,
2018-19,2018-11-19,,North Carolina,7,,Saint Francis (PA),,W,,101,76,25,,
2018-19,2019-01-05,,North Carolina,15,@,Pittsburgh,,W,,85,60,25,,
2004-05,2005-02-03,,North Carolina,2,,NC State,,W,,95,71,24,,
2004-05,2005-02-16,,North Carolina,4,,Virginia,,W,,85,61,24,,
2005-06,2006-01-03,,North Carolina,25,,Davidson,,W,,82,58,24,,
2005-06,2006-02-22,,North Carolina,21,@,NC State,15,W,,95,71,24,,
2005-06,2006-02-26,,North Carolina,21,,Maryland,,W,,81,57,24,,
2008-09,2009-01-21,,North Carolina,5,,Clemson,10,W,,94,70,24,,
2011-12,2012-02-29,,North Carolina,6,,Maryland,,W,,88,64,24,,
2012-13,2012-11-11,,North Carolina,11,,Florida Atlantic,,W,,80,56,24,,
2014-15,2015-01-03,,North Carolina,19,@,Clemson,,W,,74,50,24,,
2015-16,2015-11-13,,North Carolina,1,,Temple,,W,,91,67,24,,
2015-16,2015-12-16,,North Carolina,11,,Tulane,,W,,96,72,24,,
2015-16,2015-12-21,,North Carolina,7,,Appalachian State,,W,,94,70,24,,
2016-17,2017-02-15,,North Carolina,10,@,NC State,,W,,97,73,24,,
2016-17,2017-02-18,,North Carolina,10,,Virginia,14,W,,65,41,24,,
2017-18,2017-11-20,,North Carolina,9,@,Stanford,,W,,96,72,24,,
2017-18,2017-11-23,,North Carolina,9,,Portland,,W,,102,78,24,,
2017-18,2017-12-03,,North Carolina,13,,Tulane,,W,,97,73,24,,
2003-04,2003-11-24,,North Carolina,9,@,Davidson,,W,,91,68,23,,
2008-09,2008-12-31,,North Carolina,1,@,Nevada,,W,,84,61,23,,
2010-11,2010-12-28,,North Carolina,,,Rutgers,,W,,78,55,23,,
2011-12,2012-01-07,,North Carolina,3,,Boston College,,W,,83,60,23,,
2012-13,2012-12-08,,North Carolina,20,,East Tennessee State,,W,,78,55,23,,
2013-14,2013-11-08,,North Carolina,12,,Oakland,,W,,84,61,23,,
2014-15,2014-12-16,,North Carolina,24,@,UNC Greensboro,,W,,79,56,23,,
2018-19,2019-01-29,,North Carolina,9,@,Georgia Tech,,W,,77,54,23,,
2019-20,2020-01-25,,North Carolina,,,Miami (FL),,W,,94,71,23,,
2021-22,2022-01-15,,North Carolina,,,Georgia Tech,,W,,88,65,23,,
2000-01,2000-12-04,,North Carolina,14,,Miami (FL),,W,,67,45,22,,
2000-01,2000-12-09,,North Carolina,14,,Texas A&M,,W,,82,60,22,,
2000-01,2001-03-16,,North Carolina,6,,Princeton,,W,,70,48,22,,
2004-05,2005-01-12,,North Carolina,3,,Georgia Tech,8,W,,91,69,22,,
2006-07,2006-11-14,,North Carolina,2,,Sacred Heart,,W,,103,81,22,,
2006-07,2007-01-17,,North Carolina,4,@,Clemson,19,W,,77,55,22,,
2007-08,2007-12-16,,North Carolina,1,@,Rutgers,,W,,93,71,22,,
2007-08,2008-01-31,,North Carolina,4,,Boston College,,W,,91,69,22,,
2008-09,2008-12-20,,North Carolina,1,,Valparaiso,,W,,85,63,22,,
2008-09,2008-12-28,,North Carolina,1,,Rutgers,,W,,97,75,22,,
2008-09,2009-01-15,,North Carolina,5,@,Virginia,,W,,83,61,22,,
2011-12,2012-02-18,,North Carolina,8,,Clemson,,W,,74,52,22,,
2014-15,2014-11-27,,North Carolina,5,,UCLA,22,W,,78,56,22,,
2014-15,2014-12-30,,North Carolina,19,,William & Mary,,W,,86,64,22,,
2018-19,2018-12-29,,North Carolina,14,,Davidson,,W,,82,60,22,,
2018-19,2019-03-24,,North Carolina,3,,Washington,,W,,81,59,22,,
2019-20,2020-03-10,,North Carolina,,,Virginia Tech,,W,,78,56,22,,
2000-01,2000-12-17,,North Carolina,15,,Buffalo,,W,,95,74,21,,
2002-03,2002-12-22,,North Carolina,23,@,Florida State,,W,,69,48,21,,
2004-05,2004-12-28,,North Carolina,4,,UNC Wilmington,,W,,96,75,21,,
2004-05,2005-02-06,,North Carolina,2,@,Florida State,,W,,81,60,21,,
2006-07,2006-12-22,,North Carolina,2,@,Saint Louis,,W,,69,48,21,,
2006-07,2007-03-15,,North Carolina,4,,Eastern Kentucky,,W,,86,65,21,,
2007-08,2008-03-27,,North Carolina,1,,Washington State,21,W,,68,47,21,,
2008-09,2009-03-27,,North Carolina,2,,Gonzaga,10,W,,98,77,21,,
2009-10,2009-11-23,,North Carolina,11,,Gardner-Webb,,W,,93,72,21,,
2012-13,2013-03-03,,North Carolina,,,Florida State,,W,,79,58,21,,
2012-13,2013-03-15,,North Carolina,,,Florida State,,W,,83,62,21,,
2015-16,2016-02-14,,North Carolina,9,,Pittsburgh,,W,,85,64,21,,
2018-19,2019-01-21,,North Carolina,11,,Virginia Tech,10,W,,103,82,21,,
2021-22,2021-12-01,,North Carolina,,,Michigan,24,W,,72,51,21,,
2004-05,2005-01-22,,North Carolina,6,,Miami (FL),,W,,87,67,20,,
2010-11,2011-01-29,,North Carolina,,,NC State,,W,,84,64,20,,
2010-11,2011-02-06,,North Carolina,23,,Florida State,,W,,89,69,20,,
2015-16,2015-11-18,,North Carolina,1,,Wofford,,W,,78,58,20,,
2016-17,2016-11-11,,North Carolina,6,,Tulane,,W,,95,75,20,,
2018-19,2019-01-02,,North Carolina,15,,Harvard,,W,,77,57,20,,
2020-21,2021-02-17,,North Carolina,,,Northeastern,,W,,82,62,20,,
2021-22,2021-12-21,,North Carolina,,,Appalachian State,,W,,70,50,20,,
2021-22,2022-01-29,,North Carolina,,,NC State,,W,,100,80,20,,
2021-22,2022-02-12,,North Carolina,,,Florida State,,W,,94,74,20,,
2021-22,2022-03-10,,North Carolina,25,,Virginia,,W,,63,43,20,,
2021-22,2022-03-27,,North Carolina,,,Saint Peter's,,W,,69,49,20,,
2003-04,2004-01-24,,North Carolina,7,,Virginia,,W,,96,77,19,,
2004-05,2005-01-19,,North Carolina,6,@,Clemson,,W,,77,58,19,,
2006-07,2007-02-21,,North Carolina,5,,NC State,,W,,83,64,19,,
2008-09,2008-11-18,,North Carolina,1,,Kentucky,,W,,77,58,19,,
2011-12,2011-12-21,,North Carolina,5,,Texas,,W,,82,63,19,,
2011-12,2012-01-26,,North Carolina,7,,NC State,,W,,74,55,19,,
2011-12,2012-03-16,,North Carolina,4,,Vermont,,W,,77,58,19,,
2013-14,2014-01-26,,North Carolina,,,Clemson,,W,,80,61,19,,
2015-16,2016-03-19,,North Carolina,3,,Providence,,W,,85,66,19,,
2016-17,2017-01-26,,North Carolina,9,,Virginia Tech,,W,,91,72,19,,
2017-18,2017-11-24,,North Carolina,9,,Arkansas,,W,,87,68,19,,
2017-18,2018-03-07,,North Carolina,12,,Syracuse,,W,,78,59,19,,
2020-21,2020-11-25,,North Carolina,16,,College of Charleston,,W,,79,60,19,,
2021-22,2021-11-23,,North Carolina,,,UNC Asheville,,W,,72,53,19,,
2000-01,2001-03-09,,North Carolina,6,,Clemson,,W,,99,81,18,,
2001-02,2002-01-27,,North Carolina,,@,Clemson,,W,,87,69,18,,
2001-02,2002-02-27,,North Carolina,,,Clemson,,W,,96,78,18,,
2005-06,2005-12-17,,North Carolina,19,,Santa Clara,,W,,76,58,18,,
2008-09,2008-12-18,,North Carolina,1,,Evansville,,W,,91,73,18,,
2010-11,2011-03-25,,North Carolina,7,,Marquette,,W,,81,63,18,,
2011-12,2012-02-11,,North Carolina,5,,Virginia,19,W,,70,52,18,,
2011-12,2012-03-03,,North Carolina,6,@,Duke,4,W,,88,70,18,,
2012-13,2012-12-01,,North Carolina,14,,UAB,,W,,102,84,18,,
2014-15,2014-11-22,,North Carolina,6,,Davidson,,W,,90,72,18,,
2014-15,2015-03-11,,North Carolina,19,,Boston College,,W,,81,63,18,,
2016-17,2017-02-25,,North Carolina,8,@,Pittsburgh,,W,,85,67,18,,
2017-18,2018-03-16,,North Carolina,10,,Lipscomb,,W,,84,66,18,,
2018-19,2018-11-12,,North Carolina,7,,Stanford,,W,,90,72,18,,
2018-19,2019-02-23,,North Carolina,8,,Florida State,16,W,,77,59,18,,
2020-21,2021-03-06,,North Carolina,,,Duke,,W,,91,73,18,,
2002-03,2002-11-29,,North Carolina,,,Stanford,,W,,74,57,17,,
2003-04,2003-12-28,,North Carolina,9,,UNC Wilmington,,W,,71,54,17,,
2005-06,2005-11-25,,North Carolina,,,UC Santa Barbara,,W,,83,66,17,,
2005-06,2006-01-28,,North Carolina,,,Arizona,,W,,86,69,17,,
2007-08,2007-11-23,,North Carolina,1,,Old Dominion,,W,,99,82,17,,
2008-09,2008-11-21,,North Carolina,1,@,UC Santa Barbara,,W,,84,67,17,,
2008-09,2009-01-17,,North Carolina,5,,Miami (FL),,W,,82,65,17,,
2008-09,2009-01-31,,North Carolina,5,@,NC State,,W,,93,76,17,,
2008-09,2009-02-03,,North Carolina,3,,Maryland,,W,,108,91,17,,
2008-09,2009-04-06,,North Carolina,2,,Michigan State,8,W,,89,72,17,,
2009-10,2009-12-30,,North Carolina,9,,Albany (NY),,W,,87,70,17,,
2011-12,2012-01-10,,North Carolina,3,,Miami (FL),,W,,73,56,17,,
2012-13,2012-11-09,,North Carolina,11,,Gardner-Webb,,W,,76,59,17,,
2015-16,2016-03-10,,North Carolina,7,,Pittsburgh,,W,,88,71,17,,
2015-16,2016-04-02,,North Carolina,3,,Syracuse,,W,,83,66,17,,
2016-17,2017-01-16,,North Carolina,9,,Syracuse,,W,,85,68,17,,
2017-18,2017-11-10,,North Carolina,9,,Northern Iowa,,W,,86,69,17,,
2017-18,2018-02-12,,North Carolina,14,,Notre Dame,,W,,83,66,17,,
2017-18,2018-02-17,,North Carolina,14,@,Louisville,,W,,93,76,17,,
2017-18,2018-03-08,,North Carolina,12,,Miami (FL),24,W,,82,65,17,,
2018-19,2019-02-05,,North Carolina,8,,NC State,,W,,113,96,17,,
2021-22,2021-12-05,,North Carolina,,@,Georgia Tech,,W,,79,62,17,,
2021-22,2021-12-11,,North Carolina,,,Elon,,W,,80,63,17,,
2001-02,2001-12-22,,North Carolina,,,Saint Joseph's,15,W,,92,76,16,,
2002-03,2003-03-24,,North Carolina,,,Wyoming,,W,,90,74,16,,
2003-04,2004-03-02,,North Carolina,14,,Clemson,,W,,69,53,16,,
2004-05,2005-04-02,,North Carolina,2,,Michigan State,15,W,,87,71,16,,
2006-07,2007-01-20,,North Carolina,4,,Georgia Tech,,W,,77,61,16,,
2007-08,2008-01-23,,North Carolina,5,@,Miami (FL),,W,,98,82,16,,
2007-08,2008-02-24,,North Carolina,3,,Wake Forest,,W,,89,73,16,,
2008-09,2008-12-13,,North Carolina,1,,Oral Roberts,,W,,100,84,16,,
2009-10,2009-11-09,,North Carolina,6,,Florida International,,W,,88,72,16,,
2011-12,2011-11-13,,North Carolina,1,@,UNC Asheville,,W,,91,75,16,,
2011-12,2012-03-09,,North Carolina,4,,Maryland,,W,,85,69,16,,
2012-13,2013-01-23,,North Carolina,,,Georgia Tech,,W,,79,63,16,,
2014-15,2014-11-14,,North Carolina,6,,North Carolina Central,,W,,76,60,16,,
2014-15,2015-01-21,,North Carolina,15,@,Wake Forest,,W,,87,71,16,,
2015-16,2016-01-04,,North Carolina,6,@,Florida State,,W,,106,90,16,,
2015-16,2016-03-17,,North Carolina,3,,Florida Gulf Coast,,W,,83,67,16,,
2018-19,2018-11-23,,North Carolina,7,,UCLA,17,W,,94,78,16,,
2018-19,2019-02-20,,North Carolina,8,@,Duke,1,W,,88,72,16,,
2019-20,2019-11-08,,North Carolina,9,@,UNC Wilmington,,W,,78,62,16,,
2019-20,2019-11-15,,North Carolina,6,,Gardner-Webb,,W,,77,61,16,,
2021-22,2021-11-09,,North Carolina,19,,Loyola (MD),,W,,83,67,16,,
2021-22,2022-01-08,,North Carolina,,,Virginia,,W,,74,58,16,,
2002-03,2003-01-08,,North Carolina,,,Davidson,,W,,79,64,15,,
2003-04,2004-01-11,,North Carolina,12,,Georgia Tech,8,W,,103,88,15,,
2004-05,2005-03-03,,North Carolina,2,,Florida State,,W,,91,76,15,,
2005-06,2006-02-02,,North Carolina,,@,Maryland,,W,,77,62,15,,
2005-06,2006-02-04,,North Carolina,,,Clemson,,W,,76,61,15,,
2006-07,2007-03-09,,North Carolina,8,@,Florida State,,W,,73,58,15,,
2006-07,2007-03-10,,North Carolina,8,,Boston College,,W,,71,56,15,,
2008-09,2008-11-15,,North Carolina,1,,Pennsylvania,,W,,86,71,15,,
2008-09,2008-11-26,,North Carolina,1,,Notre Dame,8,W,,102,87,15,,
2008-09,2009-02-07,,North Carolina,3,,Virginia,,W,,76,61,15,,
2010-11,2011-03-18,,North Carolina,7,,Long Island University,,W,,102,87,15,,
2011-12,2011-12-17,,North Carolina,5,,Appalachian State,,W,,97,82,15,,
2011-12,2012-01-31,,North Carolina,5,@,Wake Forest,,W,,68,53,15,,
2012-13,2012-11-16,,North Carolina,11,@,Long Beach State,,W,,78,63,15,,
2013-14,2013-12-27,,North Carolina,19,,Northern Kentucky,,W,,75,60,15,,
2014-15,2015-01-18,,North Carolina,15,,Virginia Tech,,W,,68,53,15,,
2015-16,2016-01-20,,North Carolina,2,,Wake Forest,,W,,83,68,15,,
2015-16,2016-03-25,,North Carolina,3,,Indiana,14,W,,101,86,15,,
2016-17,2016-11-18,,North Carolina,5,@,Hawaii,,W,,83,68,15,,
2016-17,2016-11-23,,North Carolina,4,,Wisconsin,16,W,,71,56,15,,
2017-18,2017-11-29,,North Carolina,13,,Michigan,,W,,86,71,15,,
2018-19,2019-03-22,,North Carolina,3,,Iona,,W,,88,73,15,,
2000-01,2001-01-02,,North Carolina,13,@,Georgia Tech,,W,,84,70,14,,
2000-01,2001-02-10,,North Carolina,1,,Maryland,13,W,,96,82,14,,
2002-03,2003-02-12,,North Carolina,,,Virginia,,W,,81,67,14,,
2004-05,2004-11-24,,North Carolina,11,,Iowa,,W,,106,92,14,,
2006-07,2006-11-24,,North Carolina,2,,Tennessee,22,W,,101,87,14,,
2006-07,2007-03-04,,North Carolina,8,,Duke,14,W,,86,72,14,,
2006-07,2007-03-17,,North Carolina,4,,Michigan State,,W,,81,67,14,,
2007-08,2008-02-20,,North Carolina,3,@,NC State,,W,,84,70,14,,
2008-09,2009-02-11,,North Carolina,3,@,Duke,6,W,,101,87,14,,
2008-09,2009-03-21,,North Carolina,2,,Louisiana State,21,W,,84,70,14,,
2008-09,2009-04-04,,North Carolina,2,,Villanova,11,W,,83,69,14,,
2009-10,2009-12-28,,North Carolina,9,,Rutgers,,W,,81,67,14,,
2009-10,2010-01-10,,North Carolina,9,,Virginia Tech,,W,,78,64,14,,
2009-10,2010-01-26,,North Carolina,,@,NC State,,W,,77,63,14,,
2010-11,2010-11-12,,North Carolina,8,,Lipscomb,,W,,80,66,14,,
2010-11,2011-02-15,,North Carolina,19,,Wake Forest,,W,,78,64,14,,
2010-11,2011-03-05,,North Carolina,13,,Duke,4,W,,81,67,14,,
2011-12,2012-01-19,,North Carolina,8,@,Virginia Tech,,W,,82,68,14,,
2011-12,2012-03-18,,North Carolina,4,,Creighton,19,W,,87,73,14,,
2013-14,2013-12-04,,North Carolina,,@,Michigan State,1,W,,79,65,14,,
2013-14,2014-02-01,,North Carolina,,,NC State,,W,,84,70,14,,
2015-16,2016-03-27,,North Carolina,3,,Notre Dame,,W,,88,74,14,,
2017-18,2017-12-23,,North Carolina,5,,Ohio State,,W,,86,72,14,,
2017-18,2018-01-20,,North Carolina,15,,Georgia Tech,,W,,80,66,14,,
2019-20,2019-11-20,,North Carolina,5,,Elon,,W,,75,61,14,,
2000-01,2001-02-03,,North Carolina,4,,Georgia Tech,,W,,82,69,13,,
2000-01,2001-02-28,,North Carolina,4,,NC State,,W,,76,63,13,,
2004-05,2004-11-23,,North Carolina,11,,Tennessee,,W,,94,81,13,,
2004-05,2004-12-04,,North Carolina,9,,Kentucky,8,W,,91,78,13,,
2005-06,2006-01-07,,North Carolina,25,,NC State,13,W,,82,69,13,,
2007-08,2008-03-04,,North Carolina,1,,Florida State,,W,,90,77,13,,
2009-10,2010-02-13,,North Carolina,,,NC State,,W,,74,61,13,,
2013-14,2014-01-29,,North Carolina,,@,Georgia Tech,,W,,78,65,13,,
2015-16,2015-12-19,,North Carolina,11,,UCLA,22,W,,89,76,13,,
2016-17,2017-01-14,,North Carolina,11,,Florida State,9,W,,96,83,13,,
2018-19,2018-12-15,,North Carolina,12,,Gonzaga,4,W,,103,90,13,,
2018-19,2019-03-05,,North Carolina,3,@,Boston College,,W,,79,66,13,,
2018-19,2019-03-14,,North Carolina,3,,Louisville,,W,,83,70,13,,
2019-20,2020-02-29,,North Carolina,,@,Syracuse,,W,,92,79,13,,
2021-22,2021-12-14,,North Carolina,,,Furman,,W,,74,61,13,,
2021-22,2022-03-05,,North Carolina,,@,Duke,4,W,,94,81,13,,
2002-03,2003-03-14,,North Carolina,,,Maryland,14,W,,84,72,12,,
2005-06,2005-12-07,,North Carolina,23,,Saint Louis,,W,,75,63,12,,
2005-06,2006-03-10,,North Carolina,10,,Virginia,,W,,79,67,12,,
2006-07,2006-12-02,,North Carolina,7,,Kentucky,,W,,75,63,12,,
2007-08,2008-01-09,,North Carolina,1,,UNC Asheville,,W,,93,81,12,,
2007-08,2008-03-14,,North Carolina,1,,Florida State,,W,,82,70,12,,
2008-09,2009-03-29,,North Carolina,2,,Oklahoma,7,W,,72,60,12,,
2010-11,2011-02-23,,North Carolina,19,@,NC State,,W,,75,63,12,,
2011-12,2011-11-11,,North Carolina,1,,Michigan State,,W,,67,55,12,,
2011-12,2012-01-29,,North Carolina,7,,Georgia Tech,,W,,93,81,12,,
2011-12,2012-02-21,,North Carolina,7,@,NC State,,W,,86,74,12,,
2012-13,2013-01-29,,North Carolina,,@,Boston College,,W,,82,70,12,,
2012-13,2013-02-02,,North Carolina,,,Virginia Tech,,W,,72,60,12,,1
2012-13,2013-02-16,,North Carolina,,,Virginia,,W,,93,81,12,,
2012-13,2013-02-19,,North Carolina,,@,Georgia Tech,,W,,70,58,12,,
2013-14,2013-12-21,,North Carolina,14,,Davidson,,W,,97,85,12,,1
2013-14,2014-02-04,,North Carolina,,,Maryland,,W,,75,63,12,,
2015-16,2016-01-16,,North Carolina,5,,NC State,,W,,67,55,12,,
2015-16,2016-02-24,,North Carolina,7,@,NC State,,W,,80,68,12,,
2016-17,2017-03-24,,North Carolina,6,,Butler,21,W,,92,80,12,,
2017-18,2017-11-15,,North Carolina,9,,Bucknell,,W,,93,81,12,,
2020-21,2020-12-19,,North Carolina,22,,Kentucky,,W,,75,63,12,,
2002-03,2002-11-27,,North Carolina,,,Kansas,2,W,,67,56,11,,
2002-03,2003-03-18,,North Carolina,,,DePaul,,W,,83,72,11,,
2003-04,2003-12-14,,North Carolina,7,,Akron,,W,,64,53,11,,
2003-04,2004-02-15,,North Carolina,14,,Maryland,,W,,97,86,11,,
2003-04,2004-03-18,,North Carolina,18,,Air Force,,W,,63,52,11,,
2005-06,2006-02-19,,North Carolina,23,@,Wake Forest,,W,,83,72,11,,
2007-08,2007-11-28,,North Carolina,1,@,Ohio State,,W,,66,55,11,,
2007-08,2008-02-03,,North Carolina,4,@,Florida State,,W,,84,73,11,,1
2009-10,2009-11-15,,North Carolina,6,,Valparaiso,,W,,88,77,11,,
2010-11,2010-11-23,,North Carolina,25,,UNC Asheville,,W,,80,69,11,,
2010-11,2011-02-27,,North Carolina,19,,Maryland,,W,,87,76,11,,
2012-13,2013-02-23,,North Carolina,,,NC State,,W,,76,65,11,,
2012-13,2013-03-06,,North Carolina,,@,Maryland,,W,,79,68,11,,
2013-14,2014-01-18,,North Carolina,,,Boston College,,W,,82,71,11,,
2013-14,2014-02-08,,North Carolina,,@,Notre Dame,,W,,73,62,11,,
2014-15,2014-11-28,,North Carolina,5,,Florida,18,W,,75,64,11,,
2014-15,2015-02-07,,North Carolina,12,@,Boston College,,W,,79,68,11,,
2015-16,2015-11-23,,North Carolina,9,,Northwestern,,W,,80,69,11,,
2015-16,2015-12-30,,North Carolina,7,,Clemson,,W,,80,69,11,,
2015-16,2016-01-09,,North Carolina,6,@,Syracuse,,W,,84,73,11,,
2016-17,2017-02-22,,North Carolina,8,,Louisville,7,W,,74,63,11,,
2018-19,2018-11-06,,North Carolina,8,@,Wofford,,W,,78,67,11,,
2019-20,2019-11-06,,North Carolina,9,,Notre Dame,,W,,76,65,11,,
2021-22,2021-11-16,,North Carolina,18,@,College of Charleston,,W,,94,83,11,,
2021-22,2022-01-26,,North Carolina,,,Boston College,,W,,58,47,11,,
2000-01,2000-11-11,,North Carolina,6,,Tulsa,,W,,91,81,10,,
2000-01,2000-12-23,,North Carolina,15,@,UCLA,,W,,80,70,10,,
2000-01,2001-01-20,,North Carolina,6,@,Florida State,,W,,80,70,10,,
2001-02,2002-02-17,,North Carolina,,,Florida State,,W,,95,85,10,,
2004-05,2005-02-22,,North Carolina,2,@,NC State,,W,,81,71,10,,
2005-06,2006-02-12,,North Carolina,23,@,Miami (FL),,W,,80,70,10,,
2006-07,2007-01-10,,North Carolina,1,,Virginia,,W,,79,69,10,,
2006-07,2007-03-23,,North Carolina,4,,Southern California,23,W,,74,64,10,,
2007-08,2007-11-24,,North Carolina,1,,Brigham Young,,W,,73,63,10,,
2007-08,2007-12-19,,North Carolina,1,,Nicholls State,,W,,88,78,10,,
2007-08,2008-02-10,,North Carolina,3,,Clemson,,W,,103,93,10,,2
2007-08,2008-03-01,,North Carolina,3,@,Boston College,,W,,90,80,10,,
2007-08,2008-03-29,,North Carolina,1,,Louisville,13,W,,83,73,10,,
2010-11,2011-01-18,,North Carolina,,,Clemson,,W,,75,65,10,,
2012-13,2013-01-19,,North Carolina,,,Maryland,,W,,62,52,10,,
2013-14,2013-11-23,,North Carolina,24,,Richmond,,W,,82,72,10,,
2014-15,2015-01-26,,North Carolina,13,,Syracuse,,W,,93,83,10,,
2014-15,2015-03-12,,North Carolina,19,,Louisville,14,W,,70,60,10,,
2015-16,2015-11-24,,North Carolina,9,,Kansas State,,W,,80,70,10,,
2017-18,2017-12-01,,North Carolina,13,,Davidson,,W,,85,75,10,,
2018-19,2019-02-02,,North Carolina,9,@,Louisville,15,W,,79,69,10,,
2019-20,2019-12-21,,North Carolina,,,UCLA,,W,,74,64,10,,
2019-20,2020-01-27,,North Carolina,,@,NC State,,W,,75,65,10,,
2019-20,2020-03-03,,North Carolina,,,Wake Forest,,W,,93,83,10,,
2020-21,2021-01-23,,North Carolina,,,NC State,,W,,86,76,10,,
2020-21,2021-01-26,,North Carolina,,@,Pittsburgh,,W,,75,65,10,,
2021-22,2022-01-24,,North Carolina,,,Virginia Tech,,W,,78,68,10,,
2021-22,2022-02-26,,North Carolina,,@,NC State,,W,,84,74,10,,
2006-07,2006-11-29,,North Carolina,7,,Ohio State,3,W,,98,89,9,,
2006-07,2007-03-11,,North Carolina,8,,NC State,,W,,89,80,9,,
2007-08,2007-12-01,,North Carolina,1,@,Kentucky,,W,,86,77,9,,
2008-09,2009-02-18,,North Carolina,3,,NC State,,W,,89,80,9,,
2009-10,2010-02-27,,North Carolina,,@,Wake Forest,,W,,77,68,9,,
2011-12,2012-02-04,,North Carolina,5,@,Maryland,,W,,83,74,9,,
2011-12,2012-02-15,,North Carolina,8,@,Miami (FL),,W,,73,64,9,,
2012-13,2013-02-28,,North Carolina,,@,Clemson,,W,,68,59,9,,
2013-14,2013-11-24,,North Carolina,24,,Louisville,3,W,,93,84,9,,
2014-15,2015-02-28,,North Carolina,15,@,Miami (FL),,W,,73,64,9,,
2014-15,2015-03-21,,North Carolina,15,,Arkansas,21,W,,87,78,9,,
2016-17,2016-12-07,,North Carolina,7,,Davidson,,W,,83,74,9,,
2018-19,2019-01-19,,North Carolina,13,@,Miami (FL),,W,,85,76,9,,
2018-19,2019-03-09,,North Carolina,3,,Duke,4,W,,79,70,9,,
2019-20,2019-11-27,,North Carolina,6,,Alabama,,W,,76,67,9,,
2021-22,2022-02-28,,North Carolina,,,Syracuse,,W,,88,79,9,,1
2000-01,2001-01-28,,North Carolina,5,@,NC State,,W,,60,52,8,,
2002-03,2002-11-24,,North Carolina,,@,Old Dominion,,W,,67,59,8,,
2007-08,2008-03-08,,North Carolina,1,@,Duke,6,W,,76,68,8,,
2008-09,2009-03-04,,North Carolina,2,@,Virginia Tech,,W,,86,78,8,,
2008-09,2009-03-08,,North Carolina,2,,Duke,7,W,,79,71,8,,
2009-10,2010-03-16,,North Carolina,,,William & Mary,,W,,80,72,8,,
2011-12,2012-03-23,,North Carolina,4,,Ohio,,W,,73,65,8,,1
2013-14,2013-11-15,,North Carolina,12,,Holy Cross,,W,,62,54,8,,
2013-14,2014-02-20,,North Carolina,,,Duke,5,W,,74,66,8,,
2014-15,2014-12-20,,North Carolina,24,,Ohio State,12,W,,82,74,8,,
2015-16,2015-12-01,,North Carolina,9,,Maryland,2,W,,89,81,8,,
2015-16,2016-01-02,,North Carolina,7,,Georgia Tech,,W,,86,78,8,,
2016-17,2017-01-21,,North Carolina,9,@,Boston College,,W,,90,82,8,,
2017-18,2018-01-16,,North Carolina,15,,Clemson,20,W,,87,79,8,,
2018-19,2019-01-08,,North Carolina,12,@,NC State,15,W,,90,82,8,,
2018-19,2019-02-26,,North Carolina,5,,Syracuse,,W,,93,85,8,,
2020-21,2021-02-27,,North Carolina,,,Florida State,11,W,,78,70,8,,
2020-21,2021-03-11,,North Carolina,,,Virginia Tech,22,W,,81,73,8,,
2021-22,2022-02-19,,North Carolina,,@,Virginia Tech,,W,,65,57,8,,
2000-01,2001-01-24,,North Carolina,5,,Virginia,13,W,,88,81,7,,
2000-01,2001-03-10,,North Carolina,6,,Georgia Tech,,W,,70,63,7,,
2003-04,2003-12-02,,North Carolina,10,,Illinois,11,W,,88,81,7,,
2003-04,2004-02-21,,North Carolina,16,,Florida State,,W,,78,71,7,,
2003-04,2004-02-29,,North Carolina,12,@,NC State,14,W,,71,64,7,,
2004-05,2004-12-01,,North Carolina,9,@,Indiana,,W,,70,63,7,,
2004-05,2005-02-13,,North Carolina,2,@,Connecticut,19,W,,77,70,7,,
2004-05,2005-03-11,,North Carolina,2,,Clemson,,W,,88,81,7,,
2005-06,2006-02-15,,North Carolina,23,,Georgia Tech,,W,,82,75,7,,
2005-06,2006-03-04,,North Carolina,13,@,Duke,1,W,,83,76,7,,
2006-07,2006-11-15,,North Carolina,2,,Winthrop,,W,,73,66,7,,
2009-10,2009-11-29,,North Carolina,11,,Nevada,,W,,80,73,7,,
2009-10,2009-12-01,,North Carolina,10,,Michigan State,9,W,,89,82,7,,
2009-10,2010-03-02,,North Carolina,,,Miami (FL),,W,,69,62,7,,
2012-13,2013-03-22,,North Carolina,,,Villanova,,W,,78,71,7,,
2016-17,2017-02-05,,North Carolina,12,,Notre Dame,20,W,,83,76,7,,
2016-17,2017-03-04,,North Carolina,5,,Duke,17,W,,90,83,7,,
2016-17,2017-03-19,,North Carolina,6,,Arkansas,,W,,72,65,7,,
2017-18,2018-02-10,,North Carolina,21,@,NC State,,W,,96,89,7,,
2020-21,2021-01-20,,North Carolina,,,Wake Forest,,W,,80,73,7,,
2021-22,2021-11-12,,North Carolina,19,,Brown,,W,,94,87,7,,
2021-22,2022-02-01,,North Carolina,,@,Louisville,,W,,90,83,7,,1
2021-22,2022-02-21,,North Carolina,,,Louisville,,W,,70,63,7,,
2021-22,2022-03-19,,North Carolina,,,Baylor,4,W,,93,86,7,,1
2021-22,2022-03-25,,North Carolina,,,UCLA,11,W,,73,66,7,,
2000-01,2001-02-06,,North Carolina,1,@,Wake Forest,19,W,,80,74,6,,
2001-02,2001-12-02,,North Carolina,,,Georgia Tech,,W,,83,77,6,,
2003-04,2003-11-29,,North Carolina,9,@,Cleveland State,,W,,82,76,6,,
2003-04,2004-02-07,,North Carolina,17,@,Wake Forest,16,W,,79,73,6,,
2004-05,2005-03-27,,North Carolina,2,,Wisconsin,20,W,,88,82,6,,
2006-07,2007-02-07,,North Carolina,5,@,Duke,16,W,,79,73,6,,
2010-11,2011-01-08,,North Carolina,,@,Virginia,,W,,62,56,6,,
2011-12,2011-12-10,,North Carolina,4,,Long Beach State,,W,,84,78,6,,
2012-13,2012-12-15,,North Carolina,21,,East Carolina,,W,,93,87,6,,
2012-13,2012-12-29,,North Carolina,,,Nevada-Las Vegas,20,W,,79,73,6,,
2013-14,2014-02-17,,North Carolina,,@,Florida State,,W,,81,75,6,,
2016-17,2017-01-11,,North Carolina,11,@,Wake Forest,,W,,93,87,6,,
2016-17,2017-04-03,,North Carolina,6,,Gonzaga,2,W,,71,65,6,,
2018-19,2019-01-15,,North Carolina,13,,Notre Dame,,W,,75,69,6,,
2019-20,2020-02-25,,North Carolina,,,NC State,,W,,85,79,6,,
2020-21,2020-12-12,,North Carolina,16,,North Carolina Central,,W,,73,67,6,,
2020-21,2021-01-12,,North Carolina,,,Syracuse,,W,,81,75,6,,
2000-01,2000-11-10,,North Carolina,6,,Winthrop,,W,,66,61,5,,
2004-05,2005-04-04,,North Carolina,2,,Illinois,1,W,,75,70,5,,
2006-07,2007-02-17,,North Carolina,4,@,Boston College,21,W,,77,72,5,,
2007-08,2008-03-16,,North Carolina,1,,Clemson,,W,,86,81,5,,
2009-10,2010-03-23,,North Carolina,,@,UAB,,W,,60,55,5,,
2010-11,2010-11-28,,North Carolina,25,,College of Charleston,,W,,74,69,5,,
2010-11,2010-12-11,,North Carolina,,,Long Beach State,,W,,96,91,5,,
2010-11,2011-03-12,,North Carolina,6,,Clemson,,W,,92,87,5,,1
2012-13,2013-01-12,,North Carolina,,@,Florida State,,W,,77,72,5,,
2013-14,2013-12-14,,North Carolina,18,,Kentucky,11,W,,82,77,5,,
2015-16,2016-01-24,,North Carolina,2,@,Virginia Tech,,W,,75,70,5,,
2015-16,2016-02-29,,North Carolina,8,,Syracuse,,W,,75,70,5,,
2017-18,2017-12-17,,North Carolina,7,@,Tennessee,20,W,,78,73,5,,
2017-18,2018-03-09,,North Carolina,12,,Duke,5,W,,74,69,5,,
2000-01,2000-12-30,,North Carolina,14,,College of Charleston,,W,,64,60,4,,
2002-03,2002-11-20,,North Carolina,,,Rutgers,,W,,71,67,4,,
2002-03,2002-12-28,,North Carolina,22,@,St. John's (NY),,W,,63,59,4,,
2005-06,2005-12-03,,North Carolina,,@,Kentucky,10,W,,83,79,4,,
2005-06,2006-03-17,,North Carolina,10,,Murray State,,W,,69,65,4,,
2007-08,2007-11-14,,North Carolina,1,@,Davidson,,W,,72,68,4,,
2008-09,2009-02-15,,North Carolina,3,@,Miami (FL),,W,,69,65,4,,
2009-10,2009-11-19,,North Carolina,6,,Ohio State,15,W,,77,73,4,,
2013-14,2014-02-15,,North Carolina,,,Pittsburgh,25,W,,75,71,4,,
2013-14,2014-03-01,,North Carolina,19,@,Virginia Tech,,W,,60,56,4,,
2014-15,2015-01-24,,North Carolina,15,,Florida State,,W,,78,74,4,,
2014-15,2015-03-13,,North Carolina,19,,Virginia,3,W,,71,67,4,,
2015-16,2016-03-05,,North Carolina,8,@,Duke,17,W,,76,72,4,,
2015-16,2016-03-12,,North Carolina,7,,Virginia,4,W,,61,57,4,,
2017-18,2017-12-30,,North Carolina,13,,Wake Forest,,W,,73,69,4,,
2017-18,2018-02-08,,North Carolina,21,,Duke,9,W,,82,78,4,,
2017-18,2018-02-21,,North Carolina,10,@,Syracuse,,W,,78,74,4,,
2019-20,2019-11-29,,North Carolina,6,,Oregon,11,W,,78,74,4,,
2020-21,2020-12-01,,North Carolina,14,,Stanford,,W,,67,63,4,,
2020-21,2021-02-06,,North Carolina,,@,Duke,,W,,91,87,4,,
2021-22,2022-04-02,,North Carolina,,,Duke,9,W,,81,77,4,,
2000-01,2001-01-10,,North Carolina,9,@,Maryland,14,W,,86,83,3,,
2002-03,2003-01-18,,North Carolina,,,Connecticut,6,W,,68,65,3,,
2002-03,2003-03-09,,North Carolina,,,Duke,10,W,,82,79,3,,
2003-04,2004-01-17,,North Carolina,9,,Connecticut,1,W,,86,83,3,,
2005-06,2005-11-19,,North Carolina,,,Gardner-Webb,,W,,83,80,3,,
2005-06,2006-01-10,,North Carolina,20,@,Virginia Tech,,W,,64,61,3,,
2008-09,2009-01-28,,North Carolina,5,@,Florida State,,W,,80,77,3,,
2008-09,2009-03-13,,North Carolina,1,,Virginia Tech,,W,,79,76,3,,
2010-11,2011-01-13,,North Carolina,,,Virginia Tech,,W,,64,61,3,,
2010-11,2011-01-26,,North Carolina,,@,Miami (FL),,W,,74,71,3,,
2010-11,2011-03-20,,North Carolina,7,,Washington,23,W,,86,83,3,,
2011-12,2011-11-30,,North Carolina,5,,Wisconsin,9,W,,60,57,3,,
2011-12,2012-02-25,,North Carolina,7,@,Virginia,25,W,,54,51,3,,
2012-13,2013-03-16,,North Carolina,,,Maryland,,W,,79,76,3,,
2015-16,2016-02-09,,North Carolina,9,@,Boston College,,W,,68,65,3,,
2016-17,2017-01-03,,North Carolina,14,@,Clemson,,W,,89,86,3,,1
2018-19,2019-02-09,,North Carolina,8,,Miami (FL),,W,,88,85,3,,1
2019-20,2019-12-30,,North Carolina,,,Yale,,W,,70,67,3,,
2000-01,2001-02-01,,North Carolina,4,@,Duke,2,W,,85,83,2,,
2002-03,2003-01-14,,North Carolina,,,Clemson,,W,,68,66,2,,
2003-04,2004-01-28,,North Carolina,12,,NC State,,W,,68,66,2,,
2004-05,2005-02-27,,North Carolina,2,@,Maryland,,W,,85,83,2,,
2004-05,2005-03-06,,North Carolina,2,,Duke,6,W,,75,73,2,,
2007-08,2008-01-06,,North Carolina,1,@,Clemson,19,W,,90,88,2,,1
2007-08,2008-03-15,,North Carolina,1,,Virginia Tech,,W,,68,66,2,,
2009-10,2010-03-20,,North Carolina,,@,Mississippi State,,W,,76,74,2,,
2010-11,2010-12-04,,North Carolina,,,Kentucky,10,W,,75,73,2,,
2010-11,2011-02-12,,North Carolina,20,@,Clemson,,W,,64,62,2,,
2010-11,2011-02-19,,North Carolina,19,,Boston College,,W,,48,46,2,,
2010-11,2011-03-02,,North Carolina,13,@,Florida State,,W,,72,70,2,,
2010-11,2011-03-11,,North Carolina,6,,Miami (FL),,W,,61,59,2,,
2011-12,2012-03-10,,North Carolina,4,,NC State,,W,,69,67,2,,
2013-14,2014-03-03,,North Carolina,14,,Notre Dame,,W,,63,61,2,,
2013-14,2014-03-21,,North Carolina,19,,Providence,,W,,79,77,2,,
2014-15,2015-01-14,,North Carolina,15,@,NC State,,W,,81,79,2,,
2014-15,2015-03-19,,North Carolina,15,,Harvard,,W,,67,65,2,,
2016-17,2016-12-11,,North Carolina,7,,Tennessee,,W,,73,71,2,,
2016-17,2017-01-31,,North Carolina,12,,Pittsburgh,,W,,80,78,2,,
2016-17,2017-03-26,,North Carolina,6,,Kentucky,5,W,,75,73,2,,
2018-19,2019-03-02,,North Carolina,5,@,Clemson,,W,,81,79,2,,
2020-21,2021-01-05,,North Carolina,,@,Miami (FL),,W,,67,65,2,,
2021-22,2022-02-08,,North Carolina,,@,Clemson,,W,,79,77,2,,
2000-01,2001-01-06,,North Carolina,13,,Wake Forest,4,W,,70,69,1,,
2001-02,2001-12-16,,North Carolina,,,Binghamton,,W,,61,60,1,,
2002-03,2003-02-08,,North Carolina,,,Florida State,,W,,61,60,1,,
2002-03,2003-03-01,,North Carolina,,,Georgia Tech,,W,,67,66,1,,
2004-05,2005-03-25,,North Carolina,2,,Villanova,19,W,,67,66,1,,
2005-06,2006-01-22,,North Carolina,24,@,Florida State,,W,,81,80,1,,
2007-08,2008-01-16,,North Carolina,1,@,Georgia Tech,,W,,83,82,1,,
2007-08,2008-02-12,,North Carolina,5,@,Virginia,,W,,75,74,1,,
2009-10,2010-03-30,,North Carolina,,,Rhode Island,,W,,68,67,1,,1
2013-14,2014-02-26,,North Carolina,19,@,NC State,,W,,85,84,1,,1
2014-15,2015-01-10,,North Carolina,18,,Louisville,5,W,,72,71,1,,
2016-17,2017-04-01,,North Carolina,6,,Oregon,9,W,,77,76,1,,
2017-18,2018-01-13,,North Carolina,20,@,Notre Dame,,W,,69,68,1,,
2020-21,2021-01-02,,North Carolina,,,Notre Dame,,W,,66,65,1,,
2003-04,2004-03-12,,North Carolina,16,,Georgia Tech,14,L,,82,83,-1,,
2004-05,2005-02-09,,North Carolina,2,@,Duke,7,L,,70,71,-1,,
2006-07,2007-02-13,,North Carolina,4,,Virginia Tech,,L,,80,81,-1,,1
2011-12,2011-12-03,,North Carolina,5,@,Kentucky,1,L,,72,73,-1,,
2011-12,2012-02-08,,North Carolina,5,,Duke,10,L,,84,85,-1,,
2014-15,2015-01-05,,North Carolina,18,,Notre Dame,13,L,,70,71,-1,,
2015-16,2016-02-17,,North Carolina,5,,Duke,20,L,,73,74,-1,,
2017-18,2018-01-03,,North Carolina,12,@,Florida State,24,L,,80,81,-1,,
2018-19,2019-03-15,,North Carolina,3,,Duke,5,L,,73,74,-1,,
2019-20,2020-02-01,,North Carolina,,,Boston College,,L,,70,71,-1,,
2019-20,2020-02-17,,North Carolina,,@,Notre Dame,,L,,76,77,-1,,
2003-04,2004-02-05,,North Carolina,17,,Duke,1,L,,81,83,-2,,1
2003-04,2004-02-24,,North Carolina,12,@,Virginia,,L,,72,74,-2,,
2006-07,2007-02-25,,North Carolina,5,@,Maryland,,L,,87,89,-2,,
2007-08,2008-01-19,,North Carolina,1,,Maryland,,L,,80,82,-2,,
2009-10,2009-12-05,,North Carolina,10,@,Kentucky,5,L,,66,68,-2,,
2009-10,2010-01-16,,North Carolina,12,,Georgia Tech,20,L,,71,73,-2,,
2010-11,2010-12-18,,North Carolina,,,Texas,22,L,,76,78,-2,,
2013-14,2014-03-23,,North Carolina,19,,Iowa State,9,L,,83,85,-2,,
2014-15,2015-02-18,,North Carolina,15,@,Duke,4,L,,90,92,-2,,1
2015-16,2015-12-12,,North Carolina,3,@,Texas,,L,,82,84,-2,,
2019-20,2020-01-22,,North Carolina,,@,Virginia Tech,,L,,77,79,-2,,2
2019-20,2020-02-08,,North Carolina,,,Duke,7,L,,96,98,-2,,1
2019-20,2020-02-15,,North Carolina,,,Virginia,,L,,62,64,-2,,
2020-21,2020-12-02,,North Carolina,14,,Texas,17,L,,67,69,-2,,
2020-21,2021-03-01,,North Carolina,,@,Syracuse,,L,,70,72,-2,,
2002-03,2003-01-04,,North Carolina,,@,Miami (FL),,L,,61,64,-3,,1
2002-03,2003-02-15,,North Carolina,,@,Clemson,,L,,77,80,-3,,
2003-04,2004-03-20,,North Carolina,18,,Texas,12,L,,75,78,-3,,
2004-05,2005-03-12,,North Carolina,2,,Georgia Tech,,L,,75,78,-3,,
2005-06,2006-03-11,,North Carolina,10,,Boston College,11,L,,82,85,-3,,
2008-09,2009-01-11,,North Carolina,3,@,Wake Forest,4,L,,89,92,-3,,
2008-09,2009-02-21,,North Carolina,3,@,Maryland,,L,,85,88,-3,,1
2008-09,2009-03-14,,North Carolina,1,,Florida State,22,L,,70,73,-3,,
2009-10,2010-01-04,,North Carolina,9,@,College of Charleston,,L,,79,82,-3,,1
2011-12,2012-03-11,,North Carolina,4,,Florida State,17,L,,82,85,-3,,
2013-14,2013-11-17,,North Carolina,12,,Belmont,,L,,80,83,-3,,
2013-14,2013-12-18,,North Carolina,14,,Texas,,L,,83,86,-3,,
2015-16,2016-04-04,,North Carolina,3,,Villanova,6,L,,74,77,-3,,
2016-17,2016-12-17,,North Carolina,7,,Kentucky,6,L,,100,103,-3,,
2017-18,2018-02-27,,North Carolina,9,,Miami (FL),,L,,88,91,-3,,
2018-19,2018-11-22,,North Carolina,7,,Texas,,L,,89,92,-3,,
2019-20,2020-01-11,,North Carolina,,,Clemson,,L,,76,79,-3,,1
2020-21,2020-12-22,,North Carolina,17,@,NC State,,L,,76,79,-3,,
2020-21,2021-03-12,,North Carolina,,,Florida State,15,L,,66,69,-3,,
2021-22,2022-04-04,,North Carolina,,,Kansas,3,L,,69,72,-3,,
2001-02,2001-11-20,,North Carolina,,,Davidson,,L,,54,58,-4,,
2001-02,2002-01-12,,North Carolina,,,Virginia,7,L,,67,71,-4,,
2002-03,2003-02-02,,North Carolina,,,Wake Forest,17,L,,75,79,-4,,
2005-06,2005-11-29,,North Carolina,,,Illinois,12,L,,64,68,-4,,
2005-06,2006-01-19,,North Carolina,24,@,Virginia,,L,,68,72,-4,,
2005-06,2006-02-07,,North Carolina,23,,Duke,2,L,,83,87,-4,,
2006-07,2007-02-03,,North Carolina,3,@,NC State,,L,,79,83,-4,,
2009-10,2010-02-04,,North Carolina,,@,Virginia Tech,,L,,70,74,-4,,
2009-10,2010-02-20,,North Carolina,,@,Boston College,,L,,67,71,-4,,
2009-10,2010-03-11,,North Carolina,,,Georgia Tech,,L,,58,62,-4,,
2013-14,2013-12-01,,North Carolina,16,@,UAB,,L,,59,63,-4,,
2015-16,2015-11-21,,North Carolina,1,@,Northern Iowa,,L,,67,71,-4,,
2015-16,2016-02-06,,North Carolina,2,@,Notre Dame,,L,,76,80,-4,,
2017-18,2017-12-20,,North Carolina,5,,Wofford,,L,,75,79,-4,,
2017-18,2018-01-27,,North Carolina,10,,NC State,,L,,91,95,-4,,1
2017-18,2018-01-30,,North Carolina,19,@,Clemson,20,L,,78,82,-4,,
2019-20,2019-12-15,,North Carolina,17,,Wofford,,L,,64,68,-4,,
2002-03,2003-03-26,,North Carolina,,,Georgetown,,L,,74,79,-5,,
2003-04,2003-12-20,,North Carolina,4,,Wake Forest,14,L,,114,119,-5,,3
2003-04,2004-01-03,,North Carolina,9,@,Kentucky,8,L,,56,61,-5,,
2003-04,2004-03-06,,North Carolina,14,@,Duke,3,L,,65,70,-5,,
2005-06,2006-03-19,,North Carolina,10,,George Mason,,L,,60,65,-5,,
2010-11,2010-11-19,,North Carolina,8,,Minnesota,,L,,67,72,-5,,
2012-13,2013-02-13,,North Carolina,,@,Duke,2,L,,68,73,-5,,
2013-14,2014-03-14,,North Carolina,15,,Pittsburgh,,L,,75,80,-5,,
2014-15,2014-12-03,,North Carolina,12,,Iowa,,L,,55,60,-5,,
2015-16,2016-02-27,,North Carolina,7,@,Virginia,3,L,,74,79,-5,,
2020-21,2020-12-30,,North Carolina,,@,Georgia Tech,,L,,67,72,-5,,
2021-22,2022-01-05,,North Carolina,,@,Notre Dame,,L,,73,78,-5,,
2001-02,2001-12-21,,North Carolina,,,College of Charleston,,L,,60,66,-6,,
2003-04,2004-01-14,,North Carolina,9,@,Maryland,,L,,84,90,-6,,
2006-07,2007-01-13,,North Carolina,1,@,Virginia Tech,,L,,88,94,-6,,
2010-11,2011-02-09,,North Carolina,20,@,Duke,5,L,,73,79,-6,,
2013-14,2014-01-05,,North Carolina,19,@,Wake Forest,,L,,67,73,-6,,
2013-14,2014-01-08,,North Carolina,,,Miami (FL),,L,,57,63,-6,,
2015-16,2016-02-01,,North Carolina,2,@,Louisville,19,L,,65,71,-6,,
2019-20,2020-02-03,,North Carolina,,@,Florida State,8,L,,59,65,-6,,
2002-03,2003-01-11,,North Carolina,,@,Virginia,,L,,72,79,-7,,
2005-06,2006-01-25,,North Carolina,,,Boston College,20,L,,74,81,-7,,
2006-07,2007-03-01,,North Carolina,8,@,Georgia Tech,,L,,77,84,-7,,
2008-09,2009-01-04,,North Carolina,1,,Boston College,,L,,78,85,-7,,
2010-11,2010-11-21,,North Carolina,8,,Vanderbilt,,L,,65,72,-7,,
2010-11,2011-03-27,,North Carolina,7,,Kentucky,11,L,,69,76,-7,,
2014-15,2015-03-07,,North Carolina,19,,Duke,3,L,,77,84,-7,,
2014-15,2015-03-26,,North Carolina,15,,Wisconsin,3,L,,72,79,-7,,
2020-21,2021-01-16,,North Carolina,,@,Florida State,,L,,75,82,-7,,
2000-01,2001-03-18,,North Carolina,6,,Penn State,,L,,74,82,-8,,
2001-02,2001-11-16,,North Carolina,19,,Hampton,,L,,69,77,-8,,
2001-02,2002-02-20,,North Carolina,,,Ohio,,L,,78,86,-8,,
2002-03,2003-02-25,,North Carolina,,,NC State,,L,,67,75,-8,,1
2006-07,2006-11-22,,North Carolina,2,,Gonzaga,,L,,74,82,-8,,
2012-13,2013-01-26,,North Carolina,,@,NC State,18,L,,83,91,-8,,
2014-15,2014-11-26,,North Carolina,5,,Butler,,L,,66,74,-8,,
2014-15,2015-03-14,,North Carolina,19,,Notre Dame,11,L,,82,90,-8,,
2016-17,2017-02-09,,North Carolina,8,@,Duke,18,L,,78,86,-8,,
2017-18,2018-03-10,,North Carolina,12,,Virginia,1,L,,63,71,-8,,
2018-19,2018-12-22,,North Carolina,9,,Kentucky,19,L,,72,80,-8,,
2018-19,2019-02-11,,North Carolina,8,,Virginia,4,L,,61,69,-8,,
2019-20,2020-01-08,,North Carolina,,,Pittsburgh,,L,,65,73,-8,,
2002-03,2002-12-27,,North Carolina,22,,Iona,,L,,56,65,-9,,
2002-03,2003-01-26,,North Carolina,,@,NC State,,L,,77,86,-9,,
2002-03,2003-02-05,,North Carolina,,@,Duke,9,L,,74,83,-9,,
2003-04,2004-01-22,,North Carolina,7,@,Florida State,,L,,81,90,-9,,1
2003-04,2004-01-31,,North Carolina,12,@,Clemson,,L,,72,81,-9,,
2012-13,2013-01-06,,North Carolina,,@,Virginia,,L,,52,61,-9,,
2012-13,2013-01-10,,North Carolina,,,Miami (FL),,L,,59,68,-9,,
2016-17,2016-11-30,,North Carolina,3,@,Indiana,13,L,,67,76,-9,,
2019-20,2019-11-28,,North Carolina,6,,Michigan,,L,,64,73,-9,,
2019-20,2019-12-08,,North Carolina,7,@,Virginia,5,L,,47,56,-9,,
2021-22,2021-11-20,,North Carolina,18,,Purdue,6,L,,84,93,-9,,
2021-22,2022-02-16,,North Carolina,,,Pittsburgh,,L,,67,76,-9,,
2000-01,2001-02-18,,North Carolina,1,@,Clemson,,L,,65,75,-10,,
2001-02,2002-01-16,,North Carolina,,@,Florida State,,L,,71,81,-10,,
2001-02,2002-02-12,,North Carolina,,@,Virginia,15,L,,63,73,-10,,
2009-10,2010-02-10,,North Carolina,,,Duke,8,L,,54,64,-10,,
2009-10,2010-02-24,,North Carolina,,,Florida State,,L,,67,77,-10,,
2011-12,2011-11-26,,North Carolina,1,,Nevada-Las Vegas,,L,,80,90,-10,,
2012-13,2013-03-17,,North Carolina,,,Miami (FL),9,L,,77,87,-10,,
2014-15,2015-01-31,,North Carolina,13,@,Louisville,10,L,,68,78,-10,,1
2016-17,2017-02-27,,North Carolina,5,@,Virginia,23,L,,43,53,-10,,
2016-17,2017-03-10,,North Carolina,6,,Duke,14,L,,83,93,-10,,
2017-18,2018-03-03,,North Carolina,9,@,Duke,5,L,,64,74,-10,,
2003-04,2004-02-10,,North Carolina,14,@,Georgia Tech,15,L,,77,88,-11,,
2004-05,2004-11-19,,North Carolina,4,,Santa Clara,,L,,66,77,-11,,
2005-06,2006-01-14,,North Carolina,20,,Miami (FL),,L,,70,81,-11,,
2007-08,2008-02-06,,North Carolina,3,,Duke,2,L,,78,89,-11,,
2009-10,2010-04-01,,North Carolina,,,Dayton,,L,,68,79,-11,,
2012-13,2012-11-20,,North Carolina,9,,Butler,,L,,71,82,-11,,
2014-15,2015-02-02,,North Carolina,12,,Virginia,3,L,,64,75,-11,,
2017-18,2018-01-22,,North Carolina,10,@,Virginia Tech,,L,,69,80,-11,,
2001-02,2002-02-02,,North Carolina,,@,Georgia Tech,,L,,74,86,-12,,
2001-02,2002-03-08,,North Carolina,,,Duke,3,L,,48,60,-12,,
2002-03,2003-03-15,,North Carolina,,,Duke,12,L,,63,75,-12,,
2006-07,2007-03-25,,North Carolina,4,,Georgetown,8,L,,84,96,-12,,1
2010-11,2010-11-30,,North Carolina,,@,Illinois,20,L,,67,79,-12,,
2012-13,2013-03-24,,North Carolina,,,Kansas,3,L,,58,70,-12,,
2013-14,2014-01-11,,North Carolina,,@,Syracuse,2,L,,45,57,-12,,
2013-14,2014-03-08,,North Carolina,14,@,Duke,4,L,,81,93,-12,,
2014-15,2015-02-24,,North Carolina,15,,NC State,,L,,46,58,-12,,
2016-17,2016-12-31,,North Carolina,9,@,Georgia Tech,,L,,63,75,-12,,
2017-18,2018-01-06,,North Carolina,12,@,Virginia,8,L,,49,61,-12,,
2020-21,2021-02-13,,North Carolina,,@,Virginia,9,L,,48,60,-12,,
2000-01,2000-11-29,,North Carolina,6,@,Michigan State,3,L,,64,77,-13,,
2001-02,2001-11-28,,North Carolina,,,Indiana,,L,,66,79,-13,,
2004-05,2005-01-15,,North Carolina,3,@,Wake Forest,4,L,,82,95,-13,,
2009-10,2009-12-19,,North Carolina,10,,Texas,2,L,,90,103,-13,,
2009-10,2010-01-20,,North Carolina,24,,Wake Forest,,L,,69,82,-13,,
2011-12,2012-03-25,,North Carolina,4,,Kansas,6,L,,67,80,-13,,
2014-15,2015-02-14,,North Carolina,12,@,Pittsburgh,,L,,76,89,-13,,
2019-20,2019-12-18,,North Carolina,,@,Gonzaga,2,L,,81,94,-13,,
2019-20,2020-01-04,,North Carolina,,,Georgia Tech,,L,,83,96,-13,,
2019-20,2020-03-07,,North Carolina,,@,Duke,12,L,,76,89,-13,,
2020-21,2020-12-08,,North Carolina,16,@,Iowa,3,L,,80,93,-13,,
2020-21,2021-02-02,,North Carolina,,@,Clemson,,L,,50,63,-13,,
2020-21,2021-02-24,,North Carolina,,,Marquette,,L,,70,83,-13,,
2021-22,2022-03-11,,North Carolina,25,,Virginia Tech,,L,,59,72,-13,,
2000-01,2001-03-04,,North Carolina,4,,Duke,2,L,,81,95,-14,,
2014-15,2014-12-13,,North Carolina,21,@,Kentucky,1,L,,70,84,-14,,
2019-20,2020-01-18,,North Carolina,,@,Pittsburgh,,L,,52,66,-14,,
2001-02,2002-02-10,,North Carolina,,,Maryland,3,L,,77,92,-15,,
2002-03,2003-01-22,,North Carolina,,,Maryland,12,L,,66,81,-15,,
2002-03,2003-03-05,,North Carolina,,@,Wake Forest,9,L,,60,75,-15,,
2005-06,2005-12-21,,North Carolina,17,@,Southern California,,L,,59,74,-15,,
2009-10,2010-01-31,,North Carolina,,,Virginia,,L,,60,75,-15,,
2013-14,2014-01-20,,North Carolina,,@,Virginia,,L,,61,76,-15,,
2016-17,2017-01-28,,North Carolina,9,@,Miami (FL),,L,,62,77,-15,,
2009-10,2009-11-20,,North Carolina,6,,Syracuse,,L,,71,87,-16,,
2012-13,2013-03-09,,North Carolina,,,Duke,3,L,,53,69,-16,,
2000-01,2000-12-02,,North Carolina,6,,Kentucky,,L,,76,93,-17,,
2002-03,2002-12-07,,North Carolina,12,,Kentucky,18,L,,81,98,-17,,
2009-10,2010-02-16,,North Carolina,,@,Georgia Tech,,L,,51,68,-17,,
2010-11,2011-03-13,,North Carolina,6,,Duke,5,L,,58,75,-17,,
2018-19,2018-11-28,,North Carolina,11,@,Michigan,7,L,,67,84,-17,,
2018-19,2019-03-29,,North Carolina,3,,Auburn,14,L,,80,97,-17,,
2019-20,2020-02-11,,North Carolina,,@,Wake Forest,,L,,57,74,-17,,
2019-20,2020-02-22,,North Carolina,,@,Louisville,11,L,,55,72,-17,,
2021-22,2021-11-21,,North Carolina,18,,Tennessee,17,L,,72,89,-17,,
2001-02,2002-01-23,,North Carolina,,,NC State,,L,,59,77,-18,,
2007-08,2008-04-05,,North Carolina,1,,Kansas,4,L,,66,84,-18,,
2012-13,2012-12-19,,North Carolina,23,@,Texas,,L,,67,85,-18,,
2017-18,2017-11-26,,North Carolina,9,,Michigan State,4,L,,45,63,-18,,
2009-10,2010-01-13,,North Carolina,12,@,Clemson,24,L,,64,83,-19,,
2000-01,2001-02-25,,North Carolina,2,@,Virginia,9,L,,66,86,-20,,
2001-02,2001-12-08,,North Carolina,,@,Kentucky,11,L,,59,79,-20,,
2002-03,2003-01-29,,North Carolina,,@,Georgia Tech,,L,,68,88,-20,,
2010-11,2011-01-16,,North Carolina,,@,Georgia Tech,,L,,58,78,-20,,
2021-22,2022-02-05,,North Carolina,,,Duke,9,L,,67,87,-20,,
2009-10,2010-02-07,,North Carolina,,@,Maryland,,L,,71,92,-21,,
2017-18,2018-03-18,,North Carolina,10,,Texas A&M,,L,,65,86,-21,,
2018-19,2019-01-12,,North Carolina,12,,Louisville,,L,,62,83,-21,,
2001-02,2002-01-05,,North Carolina,,,Wake Forest,23,L,,62,84,-22,,
2001-02,2002-02-24,,North Carolina,,@,NC State,,L,,76,98,-22,,
2021-22,2022-01-22,,North Carolina,,@,Wake Forest,,L,,76,98,-22,,
2020-21,2021-03-19,,North Carolina,,,Wisconsin,,L,,62,85,-23,,
2001-02,2002-02-06,,North Carolina,,@,Wake Forest,19,L,,66,90,-24,,
2012-13,2012-11-27,,North Carolina,14,@,Indiana,1,L,,59,83,-24,,
2001-02,2002-03-03,,North Carolina,,@,Duke,3,L,,68,93,-25,,
2019-20,2019-12-04,,North Carolina,7,,Ohio State,6,L,,49,74,-25,,
2000-01,2001-03-11,,North Carolina,6,,Duke,3,L,,53,79,-26,,
2012-13,2013-02-09,,North Carolina,,@,Miami (FL),8,L,,61,87,-26,,
2002-03,2002-12-03,,North Carolina,12,@,Illinois,25,L,,65,92,-27,,
2019-20,2020-03-11,,North Carolina,,,Syracuse,,L,,53,81,-28,,
2021-22,2022-01-18,,North Carolina,,@,Miami (FL),,L,,57,85,-28,,
2001-02,2002-01-31,,North Carolina,,,Duke,1,L,,58,87,-29,,
2021-22,2021-12-18,,North Carolina,,,Kentucky,21,L,,69,98,-29,,
2001-02,2002-01-19,,North Carolina,,@,Connecticut,,L,,54,86,-32,,
2009-10,2010-03-06,,North Carolina,,@,Duke,4,L,,50,82,-32,,
2001-02,2002-01-09,,North Carolina,,@,Maryland,4,L,,79,112,-33,,
2011-12,2012-01-14,,North Carolina,3,@,Florida State,,L,,57,90,-33,,
2002-03,2003-02-22,,North Carolina,,@,Maryland,13,L,,56,96,-40,,